learner_ref,code_module,num_of_prev_attempts,studied_credits,date_registration,n_due_by_30,n_submitted_by_30,n_banked_by_30,mean_score_by_30,clicks_pre_start,clicks_0_29,clicks_wk1,clicks_wk2,clicks_wk3,clicks_wk4,active_days_0_29,distinct_sites_0_29,first_active_day
SYN-001,GGG,0,30,-128,2,2,0,82.1,145,434,100,36,178,120,25,41,2
SYN-002,FFF,0,30,-105,1,1,0,68.7,166,100,58,27,11,4,8,1,0
SYN-003,GGG,1,120,-41,0,0,0,,105,185,136,18,28,3,16,27,2
SYN-004,AAA,0,30,-58,1,1,0,60.4,108,407,150,57,129,71,30,22,1
SYN-005,FFF,0,30,-62,1,1,0,85.9,187,176,83,67,10,16,14,19,1
SYN-006,BBB,0,90,-53,0,0,0,,147,416,79,97,170,70,21,14,1
SYN-007,AAA,1,60,-176,0,0,0,,7,88,46,28,9,5,6,14,0
SYN-008,DDD,0,60,-25,1,1,0,78.5,34,400,84,63,170,83,26,9,2
SYN-009,FFF,0,90,-38,0,0,0,,7,3,2,1,0,0,2,3,2
SYN-010,AAA,0,90,-121,1,1,0,74.8,163,91,51,28,9,3,5,6,1
SYN-011,FFF,0,90,-125,1,1,0,82.7,15,352,112,142,66,32,25,6,2
SYN-012,AAA,0,60,-67,1,0,0,,141,103,3,12,40,48,6,32,1
SYN-013,BBB,0,30,-161,1,1,0,93.2,9,3,2,1,0,0,2,3,0
SYN-014,BBB,0,60,-106,0,0,0,,25,526,99,55,191,181,30,9,0
SYN-015,DDD,1,60,-175,0,0,0,,114,76,1,22,29,24,6,6,0
SYN-016,GGG,1,60,-151,0,0,0,,60,139,39,83,10,7,7,36,1
SYN-017,EEE,0,60,-64,1,1,0,87.0,109,434,162,58,43,171,30,8,2
SYN-018,GGG,0,60,-45,1,1,0,74.9,106,149,99,35,14,1,9,4,2
SYN-019,AAA,0,60,-133,0,0,0,,79,392,106,88,101,97,30,41,2
SYN-020,DDD,0,30,-10,1,1,0,62.4,62,109,48,36,20,5,8,40,2
SYN-021,FFF,0,60,-104,1,1,0,69.4,1,233,67,64,47,55,19,42,1
SYN-022,BBB,0,60,-7,0,0,0,,0,3,2,1,0,0,2,3,2
SYN-023,AAA,1,120,-92,2,2,0,53.4,87,771,112,221,298,140,30,35,1
SYN-024,AAA,1,60,-6,0,0,0,,154,133,91,24,13,5,9,33,0
SYN-025,DDD,0,90,-58,2,2,0,74.3,196,66,31,26,7,2,5,39,1
SYN-026,BBB,0,120,-94,2,1,0,92.7,50,113,4,13,68,28,9,6,0
SYN-027,BBB,0,30,-81,0,0,0,,113,132,32,72,23,5,9,18,1
SYN-028,AAA,0,90,-88,2,2,0,63.1,25,120,75,18,22,5,6,4,1
SYN-029,BBB,1,60,-38,1,0,0,,6,7,6,1,0,0,2,7,1
SYN-030,GGG,1,60,-23,1,1,0,64.4,12,4,3,1,0,0,2,4,2
SYN-031,FFF,0,30,-167,2,2,0,65.8,99,82,37,23,12,10,8,2,1
SYN-032,CCC,0,120,-44,0,0,0,,78,86,1,4,46,35,5,42,0
SYN-033,GGG,1,60,-95,0,0,0,,50,392,32,135,58,167,30,43,0
SYN-034,AAA,0,30,-105,1,1,0,79.1,124,459,100,55,235,69,30,11,0
SYN-035,CCC,0,30,-131,1,0,0,,5,3,2,1,0,0,2,3,2
SYN-036,CCC,0,60,-125,0,0,0,,135,67,38,9,15,5,8,32,1
SYN-037,GGG,0,120,-82,1,1,0,50.6,71,375,34,40,183,118,23,26,1
SYN-038,AAA,1,30,-26,1,1,0,100.0,145,522,120,179,112,111,30,4,1
SYN-039,EEE,1,30,-94,1,1,0,79.1,173,422,73,106,129,114,30,9,1
SYN-040,CCC,0,60,-123,0,0,0,,99,289,1,21,209,58,24,6,2
SYN-041,CCC,0,120,-157,2,0,0,,5,2,1,1,0,0,2,2,2
SYN-042,FFF,1,30,-36,2,2,0,69.7,174,90,2,16,51,21,9,12,2
SYN-043,BBB,0,90,-34,2,0,0,,0,8,7,1,0,0,2,6,0
SYN-044,CCC,0,60,-152,1,1,0,52.1,148,124,64,27,24,9,7,12,1
SYN-045,BBB,0,60,-94,1,1,0,53.9,4,5,4,1,0,0,2,5,1
SYN-046,EEE,1,30,-78,1,0,0,,51,48,15,17,9,7,5,16,1
SYN-047,EEE,1,30,-49,2,2,0,80.5,52,128,4,6,72,46,8,24,1
SYN-048,GGG,0,30,-86,0,0,0,,31,474,109,143,85,137,27,9,1
SYN-049,GGG,1,60,-76,2,2,0,66.2,176,544,83,195,97,169,30,23,2
SYN-050,GGG,0,30,-63,1,0,0,,47,98,67,20,8,3,8,42,2
SYN-051,GGG,0,60,-57,1,1,0,55.9,101,66,1,15,23,27,6,2,0
SYN-052,AAA,0,120,-77,1,1,0,88.6,17,582,342,106,40,94,30,10,0
SYN-053,DDD,0,120,-109,1,1,0,83.3,41,367,83,75,100,109,30,23,2
SYN-054,FFF,1,60,-74,2,1,0,88.3,10,3,2,1,0,0,2,3,1
SYN-055,AAA,1,90,-119,1,1,0,68.3,22,392,52,123,143,74,24,26,0
SYN-056,DDD,0,30,-39,0,0,0,,10,9,8,1,0,0,2,9,1
SYN-057,AAA,1,60,-18,2,2,0,72.3,165,417,121,45,127,124,30,21,2
SYN-058,EEE,0,30,-128,1,0,0,,2,6,5,1,0,0,2,6,2
SYN-059,BBB,0,90,-112,2,2,0,70.0,92,328,90,93,62,83,16,17,1
SYN-060,FFF,0,60,-32,1,1,0,80.8,137,251,76,59,91,25,15,27,1
